{"train_losses": [0.9413085040339717, 0.7636557390954759, 0.6418556043836805, 0.5427868838663454, 0.4614225659547029, 0.3973647854504762, 0.35292143556806777, 0.318238983463358, 0.2917169785058057, 0.27262266960408954, 0.2566421946552065, 0.24938916557364993, 0.23747011712303867, 0.22315448175977778, 0.21080506766283955, 0.19958293800000793, 0.18750215241202603, 0.17714804017985308, 0.16952120506101184, 0.16730605476432375, 0.16503024293316734, 0.16406045375046907, 0.1624732036060757, 0.16156940406119383, 0.16057124685358118, 0.15919592967739812, 0.1576432838373714, 0.15739316182004082, 0.1565985683600108, 0.15575282407027705], "val_losses": [0.9317744175593058, 0.8691378417222396, 0.7829360840977102, 0.7852882017260012, 0.7940162161122197, 0.6816526323124983, 0.659799752028092, 0.7702649123426797, 0.7592981112176094, 0.721579581067182, 0.8505971604499264, 0.9110626604246057, 0.7805876369061677, 0.8619184204633685, 0.8090910933155945, 0.8153838731240535, 0.8889209641062695, 0.850735945114191, 0.8671693521133368, 0.8551780698092087, 0.933889527251755, 0.8935709068740624, 0.8122833902421205, 0.8640665269416311, 0.9287444689999456, 0.9273993856665017, 0.8683471567388894, 0.8903283969215725, 0.8248966629954352, 0.9301305987696716], "val_f1_scores": [0.7473668368720653, 0.7243625603655595, 0.7396018665038528, 0.7005629591866052, 0.661837720063773, 0.7491893646355244, 0.7467657237517331, 0.6561545430826159, 0.6625813686902979, 0.6888751966215624, 0.6140737851341515, 0.5483670377307807, 0.6541672116784495, 0.6066037503333856, 0.6409449960353796, 0.6279267730303772, 0.5900419021217888, 0.6181710169421473, 0.6140969993333036, 0.6210170307883203, 0.5804646227468342, 0.6026275954399211, 0.6486715516189361, 0.6204002289369404, 0.5893926250869442, 0.5896712776764929, 0.6194472037477915, 0.6104100978052485, 0.6462342090485637, 0.5933988735390487]}